ID,Name,Email,Gender,Status,Created_at,Updated_at
649583dce943ec90389528a7,Rakesh Marar V,v_rakesh_marar@mayert.example,male,active,Fri Jun 23 2023 17:06:54 GMT+0530 (India Standard Time),Fri Jun 23 2023 17:10:47 GMT+0530 (India Standard Time)
649583dce943ec90389528a8,Vasanti Kocchar LLD,lld_kocchar_vasanti@hermann-gusikowski.example,male,inactive,Fri Jun 23 2023 17:06:54 GMT+0530 (India Standard Time),
649583dce943ec90389528ac,Bhasvan Devar,devar_bhasvan@gulgowski-mann.example,female,active,Fri Jun 23 2023 17:06:54 GMT+0530 (India Standard Time),
649583dce943ec90389528ab,Aadinath Kaul,kaul_aadinath@trantow.test,female,inactive,Fri Jun 23 2023 17:06:54 GMT+0530 (India Standard Time),
649583dce943ec90389528a9,Devika Kaur,kaur_devika@mclaughlin.example,female,inactive,Fri Jun 23 2023 17:06:54 GMT+0530 (India Standard Time),
649583dce943ec90389528ad,Vasudeva Kocchar Esq.,kocchar_vasudeva_esq@king-barrows.test,female,active,Fri Jun 23 2023 17:06:54 GMT+0530 (India Standard Time),
649583dce943ec90389528b0,Eshita Mishra,eshita_mishra@erdman-torphy.example,male,active,Fri Jun 23 2023 17:06:54 GMT+0530 (India Standard Time),
649583dce943ec90389528aa,Trilochan Ahluwalia,ahluwalia_trilochan@frami.test,female,active,Fri Jun 23 2023 17:06:54 GMT+0530 (India Standard Time),
649583dce943ec90389528ae,Msgr. Nagabhushanam Bhattathiri,msgr_nagabhushanam_bhattathiri@mcclure-hamill.example,female,inactive,Fri Jun 23 2023 17:06:54 GMT+0530 (India Standard Time),
649583dce943ec90389528af,Mandakini Tagore,tagore_mandakini@konopelski.example,female,active,Fri Jun 23 2023 17:06:54 GMT+0530 (India Standard Time),
